18b04618-936f-4895-a1bc-8988f270a644.png,None
static/unlabelled/18b04618-936f-4895-a1bc-8988f270a644.png,None
static/unlabelled/18d31601-c9cc-4f3e-988f-b9f78c624147.png,None
static/unlabelled/18d31601-c9cc-4f3e-988f-b9f78c624147.png,None
18d31601-c9cc-4f3e-988f-b9f78c624147.png,None
18d31601-c9cc-4f3e-988f-b9f78c624147.png,None
e179f4e9-68ce-4f2b-b37f-c875ff1e07fa.png,None
6991fd88-3669-4d7b-9af6-205507a5818a.png,None
70760b1d-58c6-40f3-985a-56e4fd4938f2.png,None
833da267-3375-43c4-a19e-20df9ece8c97.png,Reaction
ac04114b-84ec-4fb7-9267-6d2f6af28f53.png,None
746d4ee8-8bfc-45e3-bde5-667226066f71.png,Slide Tackle
32d0ea54-d996-4e4c-83a1-dc36d068d0ef.png,None
10180dfa-9809-4dd2-91c8-ba98b1837fd9.png,None
af0dc148-4848-44b5-8d7f-52010fa8920f.png,None
d136a636-ceaa-4999-bbf2-f8c2fa1a1500.png,None
fc68e513-c138-4b50-869d-53e5d9b22fa2.png,None
2738685f-237a-4369-ad95-a3f56032066e.png,Reaction
2ebc5268-bd73-4eae-8a23-ee2e4fb27a04.png,None
e608804a-6c48-428c-9ee0-c7c55ec77257.png,Slide Tackle
5470c121-5920-494e-8a40-a275dd8f553a.png,None
cb03176e-3f70-4241-b07d-9e44791f6452.png,None
6d1ad0ee-3741-4b49-9f73-dc7ddbf526b9.png,None
b5c8b35d-c21e-443f-8665-c18746d7c1eb.png,None
33262b38-1388-4f9a-b5de-eb1412709cb9.png,None
f77407a1-83a5-47cb-958c-2b185aae3dcb.png,None
c76821e7-9d8e-4d1e-ba11-98b8a34bc0df.png,None
1b13e24e-f4e1-475c-a6a2-c994fd5d9a58.png,None
ee605c7d-6f69-4ea3-a000-c24163be2e1f.png,None
c2436be9-a488-48be-8c97-845624136b3e.png,None
aac314ab-74cf-4ada-a9f9-4040424f10cb.png,None
0a818066-1efb-4f1e-a618-9725261e9f1e.png,None
dee99a9f-d1d6-454c-af12-057be8529303.png,None
030277f8-7450-44f0-b0d2-4907568e5773.png,Reaction
7fcdd605-7d9a-42ea-8f06-67434ffd1979.png,None
6e17430c-c5ac-43bc-b195-6aeb531a7055.png,None
fe79162a-a5ad-4142-a6d4-6b83c348970e.png,None
8ee7db10-7299-4d89-b2b1-718ff8714b4c.png,None
68acf1b1-6f2a-4922-ac48-c5b4b30e2b9a.png,None
a8c52c9c-1920-48c4-83e4-d09fa361ea6d.png,None
a0742bd5-41a0-439d-af99-2b636b03fd8d.png,None
62392062-daa7-41bd-af23-ffda44457f6f.png,Reaction
f63a1f36-70eb-4ec6-9332-8a8be461b597.png,Reaction
405dcc6d-933a-4862-8c2d-f317a9464908.png,None
864a3d5f-ff89-4d11-90c5-16ed331c6595.png,Reaction
c786fc41-c6a9-41b0-ac3d-1351de2644c5.png,None
21145d44-0bed-4038-92f4-3ad3720efed3.png,None
dde49261-1130-4ee4-aa68-850f77e1336b.png,None
c1f5c9cd-882e-43c2-9441-4d89e8875b00.png,None
9b053f5f-5b12-44a3-9040-e2f343d356f7.png,None
5631bb7b-421b-43fa-92ff-b54f30b81254.png,None
b5a2b5db-7364-4465-bda4-03f244f916a7.png,Reaction
669b1b88-feab-4c84-ba42-9f7be3cd6d4a.png,None
97d005dd-e8a9-4fa5-8bc0-0278d1c0a8f9.png,None
8de7aacd-31ae-4490-8914-76a1ef244b06.png,Slide Tackle
f699f8e9-56ca-4618-8e5c-c34ba30bbdf0.png,None
b4681dee-28c0-48c3-bd06-f3fa31b04888.png,None
67d8fdb6-3f74-4a32-b83f-4e3d21984253.png,None
f87066b7-5922-4947-b566-2c195a8582ea.png,None
4a012f8a-db7f-4905-bb0e-288a79832aba.png,None
832adf44-ebd2-4523-b6f2-155cde21c8b8.png,None
5eeb5851-5968-4c4a-8512-8b094d45ca72.png,Slide Tackle
a6fef80b-0dec-4ae1-b416-e419319f364d.png,None
380e595a-3af7-45bd-8dce-49032af63b50.png,None
